Questions,Answers
What should I do if my train is delayed or canceled?,"Check updates via the Indian Railways app or website. For compensation, submit a claim."
How can I get compensation for a delayed or canceled train?,"Submit a claim through the Indian Railways website, app, or Rail Madad portal."
How can I check the reason for the delay of my train?,"Check the ""Train Status"" on the Indian Railways website or app."
What can I do if my reserved seat is occupied by someone else?, Inform the train conductor or TTE (Ticket Examiner).File complaint on Rail Madad.
How do I request a change of seat during the journey?,Speak to the TTE or conductor to request a seat change.
"What should I do if there is an issue with my sleeper berth (e.g., damaged or unusable)?",Inform the TTE or train staff for assistance.
How can I report a cleanliness issue on the train?,Report via Rail Madad or the Indian Railways app.
How do I report a dirty toilet on the train?,Report it to the train staff or use Rail Madad for complaints.
What should I do if there is no water supply on the train?,Report to the train staff or the TTE immediately.
How do I report a suspicious person or activity on the train?,"Contact the TTE or security staff, or report via Rail Madad."
What should I do if I feel unsafe during my journey?,Contact the TTE or nearest security personnel immediately.
How do I report theft or lost items during the journey?,Report it to the TTE or through the Rail Madad portal.
How do I report an issue with the food served on the train?,Report to the catering staff or use Rail Madad for complaints.
What should I do if I find a foreign object in my food?,Inform the train staff immediately and file a complaint via Rail Madad.
How can I request assistance if I have food allergies or dietary preferences?,Contact the catering staff before your journey or use Rail Madad.
How do I report issues related to the accessibility of the train for differently-abled passengers?,Report through Rail Madad or to train staff.
What should I do if I cannot find the reserved wheelchair facility?,Contact train staff or use Rail Madad for assistance.
How can I file a complaint about the quality of train service on Rail Madad?,Use the Rail Madad app or website to file a complaint.
Can I file a complaint through the Rail Madad app or website?,"Yes, you can file complaints directly through the Rail Madad platform."
How do I submit feedback about my train journey through Rail Madad?,Submit feedback via the Rail Madad app or website.
How long will it take for Rail Madad to resolve my complaint?,Complaints are typically resolved within 7 days.
Who can I contact if my complaint remains unresolved for a long time?,Escalate to the senior railway authority through Rail Madad or customer service.
How can I escalate a complaint that is not being addressed?,"Use the ""Escalate"" option in the Rail Madad app or contact customer service."
How do I request a refund for a train journey that was not satisfactory?,Apply through the Indian Railways website or Rail Madad.
Can I claim compensation through Rail Madad for an inconvenience faced during my journey?,"Yes, you can claim compensation via Rail Madad."
How do I track the status of my refund claim?,Track your claim status on Rail Madad or Indian Railways' website.
What should I do if I face difficulties while submitting a complaint on the Rail Madad website?,Contact Rail Madad support for assistance.
How do I report a technical issue with the Rail Madad app or website?,Report issues via the app’s help section or through Rail Madad support.
How can I report lost luggage or personal items through Rail Madad?,Use the Rail Madad app or website to report lost items.
What should I do if I find someone else's lost property during my journey?,Hand it over to the train staff or report through Rail Madad.
How can I contact Indian Railways customer service for general inquiries?,Call 139 or visit the Indian Railways website for inquiries.
What is the email address for Indian Railways customer support?,Contact the support via email at care@indianrailways.gov.in.
Is there a 24/7 helpline for Indian Railways?,"Yes, dial 139 for assistance 24/7."
Can I get customer support in multiple languages?,"Yes, support is available in multiple languages."
How can I get assistance with my booking or ticket issues?,Call 139 or visit the Indian Railways website.
What are the different modes of payment available for booking a train ticket?,"Credit/debit cards, mobile wallets, net banking, and UPI."
Do I need to carry the physical copy of my train ticket or is the e-ticket sufficient?,E-ticket is sufficient with valid ID proof.
Can I travel without carrying an ID proof for ticket verification?,"No, you need valid ID proof."
How do I update my personal details (like address or contact) on my train ticket?,Update details via the Indian Railways website or app.
Can I book tickets for someone else using my account?,"Yes, you can book tickets for others."
What are the services provided for senior citizens during train journeys?,"Senior citizens get discounts, reserved seats, and priority services."
How can I request assistance for a differently-abled person at the station or on the train?,Request assistance at the station or use the Rail Madad app.
Are there special trains or coaches for senior citizens?,Some trains have special facilities for senior citizens.
Is there priority boarding for elderly passengers?,"Yes, priority boarding is available for senior citizens."
How can I book a wheelchair or other special assistance on the train?,Book assistance through the Indian Railways website or app.
What is the process for traveling with pets on the train?,"Book a special compartment for pets, pay extra charges, and follow guidelines.
"
Are there restrictions for carrying pets on Indian Railways?,"Yes, pets need to be in a cage, and there's a charge."
Do I need to pay extra charges for traveling with my pet?,"Yes, extra charges apply."
Can I bring my pet into the cabin or do I need to book a separate compartment?,Pets must be kept in a designated compartment.
What types of pets are allowed on the train?,Domestic dogs and cats are allowed with booking.
How can I know the train timings for my journey?,You can check the train timings on the Indian Railways website or app by entering your train number or journey details.
Are there specific trains for overnight travel?,"Yes, there are special overnight trains like express, superfast, and mail trains designed for long-distance travel."
What is the procedure for checking real-time train updates?,"Use the ""Train Running Status"" feature on the Indian Railways website or app to get real-time updates."
How do I cancel my train ticket and get a refund?,"Cancel your ticket via the Indian Railways website, app, or at a railway counter. Refund depends on the cancellation policy."
Can I cancel my train ticket online through the Indian Railways website or app?,"Yes, you can cancel your ticket online via the official website or app."
What is the refund policy if I miss my train?,"Refund is not available if you miss the train. However, you can check the policy for a refund in case of cancellation before departure."
How long does it take to get a refund after ticket cancellation?,Refunds are typically processed within 7-10 working days.
Can students get discounts for train travel?,"Yes, students can avail of concession fares by submitting valid proof."
Are there discounts for defense personnel or government employees?,"Yes, defense personnel and government employees are eligible for special discounts."
How can I avail of special schemes for women passengers traveling alone?,Women traveling alone can avail of discounts or special schemes based on availability.
What is the baggage allowance for passengers?,Passengers can carry up to 40 kg of baggage in sleeper class and 70 kg in AC classes.
Can I carry my personal belongings like a bicycle or sports equipment?,"Yes, you can carry sports equipment or bicycles, subject to specific guidelines and additional charges.
"
How do I transport large luggage items on the train?,Large luggage can be transported in the luggage van for an extra fee.
Are there any luxury trains or special tourist trains available?,"Yes, luxury trains like the Palace on Wheels and Maharajas’ Express operate for tourists."
How can I book tickets for a heritage or tourist train?,Tickets for tourist trains can be booked online via the Indian Railways website or through travel agents.
How can I book a train ticket through the Indian Railways website or app?,"Visit the official website or use the app, select your train, enter journey details, and pay for your ticket."
Can I book tickets in advance for a specific date?,"Yes, tickets can be booked up to 120 days in advance."
Is it possible to book tickets for multiple passengers in one transaction?,"Yes, you can book tickets for multiple passengers in a single transaction."
Can I modify or change my train ticket after booking?,"You can modify your booking online through the website or app, subject to terms and conditions."
What should I do if I face an error while booking a ticket online?,"Try refreshing or restarting the app. If the issue persists, contact customer support."
Can I pay for my train ticket using a mobile wallet or digital payment methods?,"Yes, mobile wallets, UPI, and digital payment methods are accepted."
How can I get my train ticket if I did not receive an email or SMS confirmation?,Check your booking details on the Indian Railways website or app by entering your PNR number.
How can I confirm if my train ticket is booked successfully?,You can confirm your booking status using your PNR number.
Can I get a physical ticket if I only have an e-ticket?,"No, an e-ticket is valid and does not require a physical ticket."
What are the conditions for canceling a train ticket online?,"Tickets can be canceled online before the train departs, subject to cancellation charges."
Can I cancel my ticket if I miss the train?,No refund is available if you miss the train; cancellation is only valid before departure.
How much refund will I get if I cancel my ticket before the departure?,"Refund depends on how early you cancel. The closer to departure, the lesser the refund."
What is PNR status and how can I check it?,"PNR status reflects your ticket status. Check it by entering your PNR number on the website or app.
"
How do I know if my train ticket is confirmed or waitlisted?,Check your PNR status to know if your ticket is confirmed or waitlisted.
Can I change my seat or coach after booking the ticket?,"You can request changes, but subject to availability and terms."
What happens if my ticket is on the waitlist and is not confirmed?,"If the ticket is not confirmed by the departure time, it is canceled and no refund is provided."
"How can I know the price of a ticket for a specific class (e.g., AC, sleeper, first class)?",Check the fare on the Indian Railways website or app while booking your ticket.
Are there any discounts available for senior citizens or students?,"Yes, senior citizens and students are eligible for concessions on fares."
Is the ticket fare the same for all classes on a particular train?,"No, fares differ based on class, such as sleeper, AC, and first class."
How do I check the fare for a return journey?,Fares for a return journey can be checked by selecting the return option while booking.
"Are there any special fares for specific times, like off-peak season discounts?",Indian Railways offers promotional fares during off-peak seasons.
How can I find the fare for a special train or tourist train?,Check the specific tourist or special train fare details on the Indian Railways website.
Do prices vary depending on the time of booking (early bird discounts)?,"Ticket prices may vary, but early bird discounts are not usually offered."
"If I cancel my train ticket, will I get the full fare or a partial refund?",Refund depends on how far in advance you cancel. A partial refund is provided.
How can I check the refund amount after ticket cancellation?,Check the refund amount via the Indian Railways website or app by entering your PNR.
Is there a service charge for ticket cancellations or changes?,"Yes, a nominal service charge is applicable for cancellations or modifications."
Can I get a group discount if booking tickets for a large number of passengers?,"Group discounts are available, subject to terms and conditions."
How do I inquire about bulk ticket booking for an event or group?,Contact Indian Railways for bulk booking services for events or groups.
Does Train [Train Number] have clean and well-maintained toilets?,"Yes, most trains maintain clean toilets, with periodic checks."
Are there sleeping arrangements available on overnight trains?,"Yes, overnight trains like express or sleeper trains provide sleeping arrangements."
Does the train provide blankets and pillows for passengers traveling overnight?,"Blankets and pillows are usually available on AC trains, subject to availability."
Can I request special services like medical assistance or emergency support during the journey?,"Yes, medical assistance can be requested through the train staff."
Is Wi-Fi available on all trains or just select premium trains?,Wi-Fi is available on select premium and luxury trains.
"What type of entertainment options (TV, music) are available on long-distance trains?",Entertainment services like TV and music are available on certain long-distance trains.
Is there a charging port available for each passenger's seat?,Charging ports are available in most AC trains.
"How can I use Wi-Fi on the train, and is it free?",Wi-Fi is free on select premium trains; connect via the Wi-Fi portal.
"What types of food are served on trains, and can I pre-order meals?","Food is served on select trains, and you can pre-order meals via the app or website."
How can I know if food services are available for my train route?,Check food availability while booking or on the train's route details.
Is there any vegetarian or special dietary food available on the train?,"Yes, vegetarian and special dietary options are available on select trains."
Does Train [Train Number] have provisions for differently-abled passengers?,"Yes, provisions like wheelchairs and ramps are available for differently-abled passengers."
How can I request a wheelchair or assistance for a special needs passenger?,Request assistance through the Indian Railways website or at the station.
Are there ramps available at the station for differently-abled passengers?,"Yes, ramps are available at most major railway stations."
"What types of coaches are available on Train [Train Number] (e.g., sleeper, AC, first class)?","Train coaches vary and include sleeper, AC, and first-class coaches."
Does Train [Train Number] have a ladies' coach for safety?,Many trains have a dedicated ladies' coach for safety and convenience.
Are there any special features in the executive class on this train?,Executive class offers premium facilities like extra legroom and enhanced services.
How can I report any safety or security concerns on the train?,You can report safety concerns to the train staff or via the railway helpline.
What are the emergency procedures onboard if there's a medical or security issue?,Follow the instructions provided by train staff or emergency announcements.
Are there CCTV cameras in the train for security purposes?,"Yes, many trains are equipped with CCTV cameras for security."
